x,y
-10.86960213,-4.837693423
-50.17587763,-38.15641655
4.952171353,41.04798048
-36.66664848,-13.95952442
5.865177175,41.33621016
-7.512878025,-3.650756377
-2.77457746,38.54077961
3.742945411,40.65560687
-0.479097707,39.28562443
-15.78036517,-6.57413836
1.447465658,39.91076205
-1.544856163,38.93980362
-12.85877197,-5.541063524
-14.10200312,-5.980669837
-49.17411084,-37.97703165
2.164803081,40.14352605
-8.1344936,-3.870559534
-42.78784759,-36.8334529
3.599477927,40.60905407
2.021335596,40.09697325
104.2619623,-23.89490572
-5.582441087,37.62967478
92.24076086,-26.04752453
1.222016754,39.83760764
-25.10459879,-9.871185708
-24.91811412,-9.805244761
-6.64261622,-3.343031958
-40.39634193,-15.27834336
2.103317016,40.12357485
-50.86459229,-38.27974367
-5.461546628,-2.925405961
-6.331808433,-3.23313038
-15.71820361,-6.552158044
-41.03475572,-36.51952932
97.8130886,-25.04969602
-8.38313983,-3.958480797
-57.75173894,-39.51301487
-58.75350572,-39.69239977
-36.54232537,-13.91556379
-12.92093353,-5.56304384
-5.684917862,37.59642278
-7.775444066,36.91808196
96.31043843,-25.31877337
104.3871831,-23.8724826
0.443193266,39.58489244
3.537991862,40.58910287
-24.85595256,-9.783264446
-39.96121103,-15.12448115
-0.786528031,39.18586843
-10.93176369,-4.859673739
-12.48580262,-5.40918163
-6.704777778,-3.365012274
-41.53563911,-36.60922178
-55.18471155,-39.05334106
3.353533668,40.52924927
-17.70737345,-7.255528145
-6.580454663,-3.321051643
-2.118726102,38.75359241
-20.62896665,-8.288602981
-0.725041966,39.20581963
96.93654267,-25.20665781
-57.87695979,-39.53543798
-5.623431797,37.61637398
5.870626042,41.3365897
-7.160583417,37.11759396
90.73811068,-26.31660189
-45.29226455,-37.28191516
-5.834515973,-3.057287855
-45.73053752,-37.36039605
4.39879677,40.86841968
-7.326393352,-3.584815431
102.0705974,-24.28731019
97.37481563,-25.12817691
92.92947553,-25.92419741
-5.500459667,37.65627638
-23.86136764,-9.431579395
-7.447518387,37.02448836
-38.90446455,-14.75081578
5.812976261,41.32729729
-15.09658804,-6.332354888
2.308270566,40.19007885
-6.38175993,37.37030917
-29.02077691,-11.25594559
-32.00453167,-12.31100075
-4.466961708,-2.57372091
2.123812371,40.13022525
-46.04358964,-37.41645383
-51.49069653,-38.39185923
-7.450716467,-3.628776062
96.81132182,-25.22908092
-47.54623982,-37.68553118
-54.05772392,-38.85153304
-19.3857355,-7.848996668
-26.8451224,-10.48663455
-6.668694899,37.27720357
99.25312836,-24.79183022
-4.280477036,-2.507779963
89.67373348,-26.50719834
4.07087109,40.76201327
-6.156311025,37.44346357
-4.43470121,38.00209719
93.93124231,-25.74481251
-2.415630312,-1.848370494
-44.54093946,-37.14737648
-40.70714972,-15.38824494
-51.67852781,-38.4254939
-1.62595176,-1.752536673
-5.910366766,37.52326838
-30.69913896,-11.84941412
-0.315134867,39.33882763
-3.799345207,38.2082596
104.1367414,-23.91732883
102.7593121,-24.16398307
103.3228059,-24.06307906
106.7663792,-23.44644346
-32.93695503,-12.64070548
-1.442379389,38.97305562
-58.87872657,-39.71482288
-1.749809713,38.87329962
-5.254515408,37.73608118
107.5803148,-23.30069323
1.263007464,39.85090844
94.61995698,-25.62148539
-5.008571149,37.81588598
-41.47302869,-36.59801022
-23.9235292,-9.453559711
97.68786775,-25.07211913
-43.0692889,-16.22349693
-47.92190236,-37.75280052
-2.89754959,38.5008772
-21.49922846,-8.5963274
-37.16394094,-14.13536695
100.6931681,-24.53396443
2.800159084,40.34968846
4.665236384,40.95487488
-32.81263192,-12.59674485
-38.59365676,-14.64091421
-10.24798655,-4.617890266
-1.669691622,-1.584606706
-11.73986393,-5.145417842
-43.66439353,-36.99041469
-58.37784318,-39.62513043
92.80425468,-25.94662053
3.005112634,40.41619246
103.6984685,-23.99580972
-3.922317337,38.1683572
99.06529708,-24.82546489
89.79895432,-26.48477523
104.7002352,-23.81642482
-37.35042562,-14.20130789
-42.47479547,-36.77739512
102.6967017,-24.17519462
-3.266465979,38.38117
-30.07752339,-11.62961096
-33.12343971,-12.70664643
94.99561952,-25.55421606
-42.22435377,-36.73254889
-22.86678272,-9.079894345
-35.42341733,-13.51991811
-7.672967291,36.95133396
-26.59647617,-10.39871328
101.569714,-24.37700264
-0.028199898,39.43193323
-5.356992183,37.70282918
-19.51005862,-7.892957299
-60.19354548,-39.95026557
-0.048695253,39.42528283
-55.99864706,-39.19909129
-2.726438099,-1.958272072
102.884533,-24.14155996
-4.59866405,37.94889399
-1.585846873,38.92650282
5.848830573,41.33507154
5.587527356,41.25414289
-40.83147283,-15.43220557
105.1385082,-23.73794393
-7.88584737,-3.782638271
-17.76953501,-7.277508461
2.472233405,40.24328206
3.804431476,40.67555807
5.567032001,41.24749249
-0.397116287,39.31222603
-5.418478247,37.68287798
-60.81964972,-40.06238113
105.3889499,-23.6930977
-7.386032322,37.04443956
-41.66085996,-36.63164489
89.4859022,-26.54083301
5.925114717,41.3403851
-41.97391208,-36.68770267
-52.86812586,-38.63851347
-42.1990271,-15.91577251
-4.762626889,37.89569079
92.36598171,-26.02510142
-2.077735392,38.76689321
-21.8721978,-8.728209294
-38.22068742,-14.50903231
107.8933669,-23.24463545
-47.42101897,-37.66310807
-33.06127815,-12.68466611
-1.688323648,38.89325082
-36.29367914,-13.82764253
98.18875115,-24.98242668
4.132357155,40.78196447
-22.36949026,-8.904051819
-24.98027568,-9.827225077
-56.31169919,-39.25514907
-41.01795751,-15.49814652
-33.68289372,-12.90446927
-27.90186888,-10.86029991
-43.03828929,-36.87829913
-26.03702215,-10.20089044
94.30690486,-25.67754317
106.3281063,-23.52492436
-5.520955022,37.64962598
-6.566218124,37.31045557
-21.4370669,-8.574347085
-14.91010337,-6.266413941
-29.7667156,-11.51970938
1.058053914,39.78440444
103.5106372,-24.02944439
-0.766032676,39.19251883
-12.98309508,-5.585024155
-38.96662611,-14.7727961
91.48943577,-26.18206321
-39.21527234,-14.86071736
-44.1026665,-37.06889559
-19.01276616,-7.717114774
-45.10443328,-37.24828049
-31.44507765,-12.11317791
-35.11260955,-13.41001653
-37.10177939,-14.11338663
4.27582464,40.82851727
-50.92720272,-38.29095523
-55.24732198,-39.06455261
4.480778189,40.89502128
97.12437394,-25.17302314
-2.385165716,38.66713721
97.62525733,-25.08333069
98.0635303,-25.00484979
-8.693947617,-4.068382375
-36.85313316,-14.02546537
-0.192162737,39.37873003
96.68610097,-25.25150403
-2.426156426,38.65383641
-5.930862121,37.51661798
1.242512109,39.84425804
-1.856176294,-1.650547653
-40.34604105,-36.3962022
3.312542958,40.51594846
-1.634699733,-1.718950679
91.17638365,-26.23812099
-6.996620578,37.17079717
4.173347865,40.79526527
-52.68029459,-38.6048788
-3.655877722,38.2548124
108.7073024,-23.09888522
-60.0057142,-39.9166309
-37.90987963,-14.39913073
-42.634158,-16.06963472
-23.23975207,-9.211776239
-17.95601968,-7.343449408
94.6825674,-25.61027384
-9.750694094,-4.442047741
-39.84515766,-36.30650975
-60.75703929,-40.05116957
-58.00218063,-39.55786109
4.521768899,40.90832208
-49.54977339,-38.04430099
-0.827518741,39.17256762
-8.445301387,-3.980461112
-46.54447303,-37.50614628
-3.204979914,38.4011212
-49.23672127,-37.98824321
-21.99652092,-8.772169925
4.029880381,40.74871247
-37.6612334,-14.31120947
-51.30286526,-38.35822457
-6.525227414,37.32375637
-19.57222018,-7.914937615
5.608022711,41.26079329
96.99915309,-25.19544625
-41.28519741,-36.56437555
-0.684051256,39.21912043
-0.274144157,39.35212843
1.734400627,40.00386765
5.924348488,41.3859255
5.485050581,41.22089089
107.768146,-23.26705856
-57.37607639,-39.44574553
-6.402255285,37.36365877
-39.97037851,-36.32893287
-2.282688941,38.70038921
-4.004298756,38.14175559
104.8254561,-23.79400171
-1.831791133,38.84669802
-53.7446718,-38.79547526
-42.57199644,-16.04765441
-28.21267667,-10.97020149
96.56088012,-25.27392715
-34.86396332,-13.32209527
-40.53387232,-36.42983687
-7.468013742,37.01783796
-2.61061462,38.59398281
5.859728308,41.33583062
102.5088704,-24.20882929
96.247828,-25.32998493
-29.08293847,-11.27792591
0.70963288,39.67134764
95.87216546,-25.39725427
-42.09913293,-36.71012578
-5.172533988,37.76268278
-1.631783742,-1.730146011
-54.43338646,-38.91880238
-14.66145714,-6.178492678
-13.97768,-5.936709206
-2.323679651,38.68708841
-4.270738371,38.05530039
-45.04182286,-37.23706893
-41.09736614,-36.53074088
102.6340913,-24.18640618
-21.31274379,-8.530386453
-34.67747864,-13.25615432
-6.504732059,37.33040677
4.091366445,40.76866367
103.0097538,-24.11913684
-47.17057727,-37.61826185
-44.47832904,-37.13616492
-4.127270886,38.10185319
103.1975851,-24.08550217
-2.85655888,38.51417801
2.32876592,40.19672926
-41.70173464,-15.73992999
-0.704546611,39.21247003
-1.073463,39.09276282
-9.066916962,-4.200264269
-6.873648448,37.21069957
-2.303184296,38.69373881
-5.111047923,37.78263398
98.31397199,-24.96000357
1.488456368,39.92406285
-4.168261596,38.08855239
101.1314411,-24.45548353
-1.278416549,39.02625882
104.4497936,-23.86127105
-60.69442887,-40.03995802
-9.377724749,-4.310165847
4.542264254,40.91497248
-7.099097353,37.13754516
-42.32335021,-15.95973315
-3.983803402,38.14840599
100.6305577,-24.54517598
97.87569903,-25.03848446
-59.69266208,-39.86057312
89.9867856,-26.45114056
-2.850761214,-2.002232703
4.583254964,40.92827328
107.3924835,-23.3343279
90.86333153,-26.29417877
5.136629547,41.10783408
-30.26400806,-11.69555191
-17.52088878,-7.189587198
-33.24776282,-12.75060706
101.3818828,-24.41063731
-17.64521189,-7.23354783
-37.03961783,-14.09140631
91.80248789,-26.12600543
-1.811295778,38.85334842
109.3334066,-22.98676965
-34.80180176,-13.30011495
-3.061512429,38.447674
-60.94487056,-40.08480424
107.2046522,-23.36796257
99.56618048,-24.73577244
3.906908251,40.70881007
4.993162063,41.06128128
-54.12033434,-38.8627446
-20.38032042,-8.200681718
-17.83169657,-7.299488776
-6.953424008,-3.452933537
-28.83429224,-11.19000465
-20.93977444,-8.398504559
-56.62475131,-39.31120685
-25.22892191,-9.91514634
-28.70996913,-11.14604402
-14.84794181,-6.244433625
-26.34782994,-10.31079202
-21.37490534,-8.552366769
-2.508137846,38.62723481
1.140035334,39.81100604
-50.3637089,-38.19005122
-40.89363439,-15.45418589
92.30337129,-26.03631298
-59.06655784,-39.74845755
-17.89385812,-7.321469092
-1.66385964,-1.606997368
-4.229747661,38.06860119
-16.4641423,-6.815921832
98.81485539,-24.87031112
-29.26942314,-11.34386686
2.738673019,40.32973726
98.43919284,-24.93758046
-7.058106643,37.15084596
-51.55330696,-38.40307079
-13.72903377,-5.848787943
5.362078452,41.18098848
2.41074734,40.22333086
106.9542105,-23.41280879
0.422697911,39.57824204
3.271552248,40.50264766
-35.67206356,-13.60783937
-23.98569076,-9.475540027
-3.696868432,38.2415116
-30.13968495,-11.65159128
-17.39656566,-7.145626567
-2.098230747,38.76024281
99.31573878,-24.78061867
-27.71538421,-10.79435897
3.169075473,40.46939566
-1.503865454,38.95310442
-0.90950016,39.14596602
-0.253648802,39.35877883
-2.344175006,38.68043801
-38.46933365,-14.59695357
-50.48892975,-38.21247433
-4.55767334,37.96219479
2.902635859,40.38294046
-6.2587878,37.41021157
-6.197301735,37.43016277
-3.348053674,-2.178075229
-4.373215145,38.02204839
-5.869376056,37.53656918
-1.954763262,38.80679561
3.333038313,40.52259886
-10.31014811,-4.639870582
-34.49099397,-13.19021337
-40.78431402,-36.4746831
5.919665849,41.34000556
3.640468637,40.62235487
-5.193029343,37.75603238
91.73987747,-26.13721699
1.365484238,39.88416045
103.635858,-24.00702128
-1.658027659,-1.62938803
-56.56214088,-39.2999953
4.624245674,40.94157408
-29.64239249,-11.47574875
-0.110181318,39.40533163
-21.62355157,-8.640288032
-40.27201882,-15.23438273
-0.663555901,39.22577083
-6.771171674,37.24395157
5.157124902,41.11448448
-11.55337926,-5.079476895
-50.42631932,-38.20126278
4.419292125,40.87507008
-39.40175701,-14.92665831
102.9471434,-24.1303484
-41.20444218,-15.56408746
-3.102503139,38.4343732
-58.56567445,-39.6587651
-50.55154017,-38.22368589
-3.942812692,38.16170679
-3.037245886,-2.06817365
-14.41281091,-6.090571415
-12.17499484,-5.299280052
-48.67322745,-37.8873392
1.099044624,39.79770524
-2.042660967,-1.7164886
-55.68559494,-39.14303351
5.218610967,41.13443568
-58.81611615,-39.70361133
-7.140088063,37.12424436
108.9577441,-23.05403899
-3.184484559,38.4077716
-54.37077604,-38.90759083
5.881523777,41.33734878
89.23546051,-26.58567924
-15.46955738,-6.464236782
-41.57741152,-15.69596936
-16.83711165,-6.947803726
-7.365536967,37.05108996
-1.093958355,39.08611242
-44.41571862,-37.12495337
-3.082007784,38.4410236
3.681459347,40.63565567
106.140275,-23.55855903
99.75401175,-24.70213777
-20.25599731,-8.156721087
-58.4404536,-39.63634199
-20.13167419,-8.112760456
-28.4613229,-11.05812275
5.300592387,41.16103728
-1.647332938,38.90655162
-47.29579812,-37.64068496
98.25136157,-24.97121513
-24.54514477,-9.673362867
-22.12084403,-8.816130557
-43.10089971,-36.88951068
108.5820815,-23.12130833
-57.93957021,-39.54664954
-28.8964538,-11.21198496
-41.14228062,-15.54210715
-51.99157993,-38.48155168
-60.31876632,-39.97268868
-18.70195837,-7.607213196
-22.68029805,-9.013953398
-5.787394636,37.56317078
-8.507462945,-4.002441428
-35.79638668,-13.6518
95.99738631,-25.37483115
-41.95038087,-15.82785125
-2.221202877,38.72034041
-29.39374626,-11.38782749
5.546536646,41.24084209
-5.316001473,37.71612998
92.17815044,-26.05873609
101.4444932,-24.39942575
-14.72361869,-6.200472994
92.55381298,-25.99146675
-9.191240077,-4.2442249
-50.23848805,-38.16762811
-40.59648275,-36.44104843
-13.66687222,-5.826807628
-4.619159405,37.94224359
-28.27483822,-10.99218181
5.923199146,41.45423611
-49.11150042,-37.96582009
102.1332079,-24.27609863
-7.488509097,37.01118756
98.87746581,-24.85909956
-25.78837592,-10.11296918
-4.3937105,38.01539799
-1.872781843,38.83339721
-41.22258699,-36.55316399
-3.717363787,38.2348612
-9.875017209,-4.486008372
-0.171667382,39.38538043
-44.85399158,-37.20343426
91.61465662,-26.1596401
-55.3099324,-39.07576417
-46.92013558,-37.57341562
3.292047603,40.50929806
93.1173068,-25.89056275
-7.549995161,36.99123636
-49.36194212,-38.01066632
92.05292959,-26.0811592
-49.98804636,-38.12278188
98.75224496,-24.88152267
-4.777769496,-2.683622489
1.693409917,39.99056685
91.99031917,-26.09237076
-59.00394742,-39.737246
-17.45872722,-7.167606883
90.55027941,-26.35023656
-37.84771808,-14.37715042
-12.73444885,-5.497102893
-3.658861461,-2.287976807
-21.06409756,-8.442465191
-4.591284823,-2.617681542
91.05116281,-26.2605441
89.36068136,-26.56325613
-9.439886307,-4.332146163
-33.8693784,-12.97041022
103.9489102,-23.9509635
-23.79920608,-9.40959908
-53.93250307,-38.82910993
-38.0963643,-14.46507168
-0.602069836,39.24572203
0.217744361,39.51173803
-53.61945095,-38.77305215
-40.45850349,-15.30032368
-7.078601998,37.14419556
-22.92894428,-9.10187466
-0.622565191,39.23907163
-19.32357395,-7.827016352
-47.48362939,-37.67431963
-18.32898903,-7.475331302
91.11377323,-26.24933255
-0.007704543,39.43858363
-3.409933463,38.3346172
-23.17759051,-9.189795923
-46.73230431,-37.53978095
-13.04525664,-5.607004471
100.0044534,-24.65729155
-23.05326739,-9.145835292
95.05822994,-25.5430045
-44.66616031,-37.16979959
-1.524360809,38.94645402
109.1455754,-23.02040432
-59.44222039,-39.81572689
-4.147766241,38.09520279
-2.631109975,38.58733241
-3.532905593,38.2947148
-0.376620932,39.31887643
-25.72621437,-10.09098886
-34.92612487,-13.34407558
-23.36407518,-9.25573687
-16.21549607,-6.728000569
94.18168401,-25.69996629
-20.31815887,-8.178701403
-6.269646875,-3.211150064
-17.02359632,-7.013744673
-17.33440411,-7.123646251
89.61112305,-26.5184099
-23.11542895,-9.167815607
-17.14791943,-7.057705304
-3.143493849,38.4210724
-56.93780343,-39.36726464
-0.069190608,39.41863243
-1.913772552,38.82009641
-33.18560126,-12.72862674
5.833471615,41.33394769
-40.1476957,-15.1904221
-5.152038633,37.76933318
95.62172376,-25.44210049
-7.283555547,37.07769156
2.49272876,40.24993246
1.898363467,40.05707085
-1.643447705,-1.685364686
-0.458602352,39.29227483
93.74341104,-25.77844718
-4.660150115,37.92894279
-50.80198187,-38.26853211
3.046103343,40.42949326
-5.89667753,-3.07926817
-7.699362697,-3.716697324
-6.279283155,37.40356117
-15.90468828,-6.618098991
-16.0290114,-6.662059622
94.11907358,-25.71117784
-3.161569001,-2.112134282
-15.03442648,-6.310374572
97.18698436,-25.16181158
94.4321257,-25.65512006
93.55557977,-25.81208185
-2.467147136,38.64053561
-57.06302427,-39.38968775
-2.364670361,38.67378761
-23.61272141,-9.343658133
-6.074329606,37.47006517
-4.496187275,37.98214599
-31.3829161,-12.09119759
-12.54796418,-5.431161946
0.299725781,39.53833964
101.5071036,-24.3882142
-31.56940077,-12.15713854
-1.646363696,-1.674169355
-12.36147951,-5.365220999
1.775391337,40.01716845
-3.783184576,-2.331937438
-46.60708346,-37.51735784
-3.721023019,-2.309957122
99.6287909,-24.72456089
107.4550939,-23.32311634
97.75047818,-25.06090758
-1.196435129,39.05286042
-44.97921243,-37.22585737
-44.91660201,-37.21464582
-39.89904947,-15.10250083
103.8862997,-23.96217505
-0.581574481,39.25237243
-31.63156233,-12.17911885
-2.69259604,38.56738121
2.513224115,40.25658286
1.303998173,39.86420925
99.3783492,-24.76940711
-6.812162383,37.23065077
5.792480906,41.32064689
5.341583097,41.17433808
-39.65040324,-15.01457957
-52.30463205,-38.53760947
-4.188756951,38.08190199
-34.24234774,-13.10229211
-24.29649854,-9.585441605
-42.16174335,-36.72133734
-5.971852831,37.50331718
-33.37208594,-12.79456769
-42.85045801,-36.84466446
-57.62651809,-39.49059176
-46.10620007,-37.42766539
-30.45049273,-11.76149285
-6.750676319,37.25060197
4.23483393,40.81521647
-3.368942753,38.347918
0.62765146,39.64474604
-51.05242357,-38.31337834
-6.709685609,37.26390277
-9.253401634,-4.266205216
-56.06125749,-39.21030285
5.054648128,41.08123248
-6.443245995,37.35035797
-7.795939421,36.91143156
-11.30473303,-4.991555633
5.92358226,41.43146591
-30.94778519,-11.93733538
-26.28566838,-10.28881171
-13.41822599,-5.738886365
-16.33981919,-6.771961201
102.3210391,-24.24246396
-4.63965476,37.93559319
-7.427023032,37.03113876
93.30513807,-25.85692808
-34.18018618,-13.08031179
-54.68382816,-38.96364861
-27.34241486,-10.66247707
-22.80462116,-9.057914029
5.649013421,41.27409409
-58.19001191,-39.59149576
-57.43868682,-39.45695709
-4.250243016,38.06195079
5.669508776,41.28074449
-54.55860731,-38.94122549
103.2601955,-24.07429062
99.44095963,-24.75819555
-3.676373077,38.248162
-32.06669323,-12.33298106
-6.829100893,-3.408972905
-26.47215306,-10.35475265
5.922049804,41.52254671
-18.76411993,-7.629193511
-7.693462646,36.94468356
-52.1794112,-38.51518635
-3.901821982,38.1750076
0.463688621,39.59154284
-22.49381338,-8.948012451
-12.61012574,-5.453142261
-5.336496828,37.70947958
-18.45331214,-7.519291933
3.578982572,40.60240367
-6.115320315,37.45676437
-31.32075454,-12.06921727
-57.56390767,-39.4793802
1.652419207,39.97726605
100.818389,-24.51154131
-14.35064935,-6.0685911
-22.55597494,-8.969992766
104.6376248,-23.82763638
-13.16957976,-5.650965102
-56.81258258,-39.34484152
-7.345041612,37.05774036
-52.49246332,-38.57124414
0.402202556,39.57159164
100.2548951,-24.61244532
91.92770874,-26.10358232
-10.37230967,-4.661850898
-2.979531009,38.4742756
-40.08553414,-15.16844178
-36.91529471,-14.04744568
-30.38833118,-11.73951254
100.380116,-24.59002221
5.690004131,41.28739489
-5.523708186,-2.947386276
-4.947085084,37.83583719
4.15285251,40.78861487
-10.49663278,-4.705811529
-31.50723921,-12.13515822
-6.766939335,-3.38699259
106.578548,-23.48007813
109.0829649,-23.03161588
-41.08011906,-15.52012683
3.865917541,40.69550927
-6.021000645,-3.123228802
-7.037611288,37.15749637
-42.2869642,-36.74376045
-43.16351013,-36.90072224
-14.16416468,-6.002650153
-8.258816715,-3.914520165
-6.456131548,-3.277091011
-3.963308047,38.15505639
-2.549128556,38.61393401
-3.737859142,38.2282108
-6.34076922,37.38360997
109.2081858,-23.00919276
3.783936121,40.66890767
-3.327952043,38.3612188
0.545670041,39.61814444
-2.159716812,38.74029161
-10.55879434,-4.727791845
0.955577139,39.75115244
-32.75047036,-12.57476453
0.812109655,39.70459964
98.00091987,-25.01606135
5.075143483,41.08788288
-21.74787469,-8.684248663
-14.47497246,-6.112551731
-7.38855491,-3.606795746
-13.35606443,-5.716906049
98.50180327,-24.9263689
-36.48016381,-13.89358347
5.710499486,41.29404529
108.0185877,-23.22221234
-49.48716296,-38.03308943
-8.569624502,-4.024421744
-38.65581832,-14.66289452
-10.68311746,-4.771752476
-41.34780784,-36.57558711
-59.63005166,-39.84936156
-59.94310378,-39.90541934
-6.484236704,37.33705717
3.025607988,40.42284286
-2.81556817,38.52747881
0.91458643,39.73785164
-2.291307197,-1.804409862
-31.88020856,-12.26704011
-28.77213068,-11.16802433
-34.55315553,-13.21219369
-42.82064267,-16.13557567
101.8201557,-24.33215641
95.12084037,-25.53179294
100.9436098,-24.4891182
-18.26682747,-7.453350986
-33.80721684,-12.9484299
-17.08575788,-7.035724989
-51.24025484,-38.34701301
105.3263395,-23.70430926
-7.119592708,37.13089476
-4.106775531,38.10850359
-34.3045093,-13.12427243
-46.66969388,-37.5285694
4.337310705,40.84846847
-5.275061956,-2.859465014
0.320221136,39.54499004
95.49650291,-25.4645236
-4.065784821,38.12180439
-37.53691029,-14.26724884
-16.09117296,-6.684039938
-60.5065976,-40.00632335
5.924731602,41.3631553
-3.348447398,38.3545684
-14.03984156,-5.958689521
-4.414205855,38.00874759
-2.057240037,38.77354361
4.378301415,40.86176927
100.8809994,-24.50032976
106.6411584,-23.46886657
-3.430428818,38.3279668
5.239106322,41.14108608
-24.66946789,-9.717323499
-3.163989204,38.414422
-55.49776367,-39.10939884
101.8827662,-24.32094486
3.824926831,40.68220847
4.214338575,40.80856607
-6.586713479,37.30380517
5.730994841,41.30069569
108.206419,-23.18857767
-24.11001387,-9.519500658
-40.2208202,-36.37377909
-15.65604205,-6.530177729
-32.31533946,-12.42090232
-56.74997215,-39.33362997
-18.14250435,-7.409390355
-25.41540658,-9.981087287
-3.881326627,38.181658
-42.26118866,-15.93775283
-53.86989265,-38.81789838
-8.756109175,-4.090362691
-2.241698231,38.71369001
-56.12386791,-39.2215144
-41.32876529,-15.60804809
-49.86282551,-38.10035877
-2.477791869,-1.870350809
-1.852286488,38.84004761
-3.596699904,-2.265996491
-33.30992438,-12.77258738
99.8792326,-24.67971466
-2.166984082,-1.760449231
-35.48557889,-13.54189842
-5.029066504,37.80923558
-7.264231795,-3.562835115
-4.721636179,37.90899159
-35.98287135,-13.71774095
-7.631976581,36.96463476
-26.72079929,-10.44267392
-53.68206138,-38.78426371
-3.285892116,-2.156094913
97.31220521,-25.13938847
-22.05868248,-8.794150241
-27.46673798,-10.7064377
-6.21779709,37.42351237
5.259601677,41.14773648
-2.918044945,38.4942268
-41.72347038,-36.64285644
-35.29909422,-13.47595748
-40.4712619,-36.41862532
-43.47656225,-36.95678002
2.984617279,40.40954206
-42.75848112,-16.11359535
-39.15311078,-14.83873705
4.808703868,41.00142768
3.230561538,40.48934686
-1.975258617,38.80014521
-7.734453356,36.93138276
-1.655111668,-1.640583361
-55.81081579,-39.16545662
-43.72700395,-37.00162625
-1.15544442,39.06616122
-2.104822524,-1.738468915
-30.32616962,-11.71753222
-55.62298452,-39.13182195
101.7575453,-24.34336797
105.0132874,-23.76036704
-3.614887013,38.2681132
-1.652195677,-1.651778693
5.116134193,41.10118368
-36.10719447,-13.76170158
-44.79138116,-37.19222271
97.56264691,-25.09454224
-0.643060546,39.23242123
3.189570828,40.47604606
105.0758978,-23.74915548
-4.839931053,-2.705602804
1.590933143,39.95731485
5.198115612,41.12778528
-24.42082166,-9.629402236
3.517496507,40.58245247
3.148580118,40.46274526
-21.18842067,-8.486425822
-20.69112821,-8.310583297
-8.880432289,-4.134323322
-43.35134141,-36.93435691
-15.28307271,-6.398295835
-33.49640905,-12.83852832
-59.56744124,-39.83815
-30.82346208,-11.89337475
-10.99392524,-4.881654054
-58.06479106,-39.56907265
-48.98627957,-37.94339698
-1.934267907,38.81344601
-7.590985871,36.97793556
92.67903383,-25.96904364
-50.1132672,-38.14520499
-0.151172027,39.39203083
-6.39396999,-3.255110696
-26.09918371,-10.22287076
-18.63979681,-7.58523288
2.57471018,40.27653406
-57.68912851,-39.50180331
103.1349746,-24.09671373
-12.23715639,-5.321260367
-6.894143803,37.20404917
-2.016249327,38.78684441
-31.19643142,-12.02525664
0.033286167,39.45188443
-23.4883983,-9.299697501
-9.564209422,-4.376106794
-18.01818124,-7.365429723
-48.04712321,-37.77522364
-15.96684984,-6.640079307
2.226289146,40.16347725
1.426970303,39.90411165
-44.16527692,-37.08010714
-3.512410238,38.3013652
-4.865103664,37.86243879
-29.3315847,-11.36584717
99.00268666,-24.83667645
-52.42985289,-38.56003258
-42.91306844,-36.85587601
-43.91483522,-37.03526092
-44.29049777,-37.10253025
-14.22632623,-6.024630468
-38.71797988,-14.68487484
-27.09376863,-10.57455581
-13.85335689,-5.892748574
2.636196245,40.29648526
3.968394316,40.72876127
95.43389249,-25.47573516
-43.78961438,-37.0128378
90.61288984,-26.339025
-34.98828643,-13.3660559
-58.6908953,-39.68118821
-2.65160533,38.58068201
-55.0594907,-39.03091795
-7.509004451,37.00453716
89.54851263,-26.52962146
-6.689190254,37.27055317
-27.77754576,-10.81633928
-5.643927152,37.60972358
-30.51265429,-11.78347317
-49.80021508,-38.08914721
-31.13426987,-12.00327633
1.836877402,40.03711965
-14.53713402,-6.134532047
-20.75328977,-8.332563612
-0.99148158,39.11936442
-5.459468957,37.66957718
-4.218315478,-2.485799648
-57.81434936,-39.52422642
-22.61813649,-8.991973082
89.42329178,-26.55204457
-1.794014737,-1.628567337
-7.406527677,37.03778916
-4.742131534,37.90234119
5.526041291,41.23419169
3.845422186,40.68885887
5.771985551,41.31399649
-38.28284898,-14.53101263
-6.29977851,37.39691077
106.0150542,-23.58098214
-3.845346134,-2.353917754
-38.53149521,-14.61893389
-7.713958001,36.93803316
-32.6883088,-12.55278422
-48.61061703,-37.87612764
101.1940515,-24.44427198
2.943626569,40.39624126
-55.12210113,-39.0421295
-17.27224255,-7.101665936
-7.263060192,37.08434196
-54.80904901,-38.98607172
4.460282834,40.88837088
-2.446651781,38.64718601
97.06176351,-25.1842347
-32.87479348,-12.61872517
105.9524437,-23.59219369
96.18521758,-25.34119648
-43.53917268,-36.96799158
-19.94518952,-8.046819509
-36.72881004,-13.98150474
5.280097032,41.15438688
-41.78608081,-36.654068
2.779663729,40.34303806
1.754895982,40.01051805
-44.35310819,-37.11374181
2.595205535,40.28318446
-45.91836879,-37.39403072
-5.828385346,37.54986998
106.4533271,-23.50250124
-4.578168695,37.95554439
-1.339902614,39.00630762
-0.540583771,39.26567323
-5.710192858,-3.013327223
-17.58305034,-7.211567514
-48.17234406,-37.79764675
102.44626,-24.22004085
-2.602114984,-1.914311441
-23.42623674,-9.277717186
-38.78014144,-14.70685515
-6.832657738,37.22400037
-5.213524698,37.74938198
100.5053368,-24.5675991
-21.68571313,-8.662268347
-53.43161968,-38.73941748
-55.87342622,-39.17666818
4.726722449,40.97482608
-46.35664176,-37.47251161
89.7363439,-26.49598679
-39.83688791,-15.08052052
-2.672100685,38.57403161
4.788208513,40.99477728
-24.04785231,-9.497520342
-50.05065678,-38.13399344
-2.262193586,38.70703961
1.078549269,39.79105484
-46.982746,-37.58462718
-48.7984483,-37.90976231
3.456010442,40.56250127
-48.42278575,-37.84249297
5.922432918,41.49977651
108.4568607,-23.14373144
-22.43165182,-8.926032135
107.5177043,-23.31190479
-3.907507691,-2.375898069
-4.906094374,37.84913799
-4.885599019,37.85578839
103.5732476,-24.01823284
-55.43515325,-39.09818728
102.1958183,-24.26488708
94.05646316,-25.7223894
-11.80202549,-5.167398158
-60.88226014,-40.07359269
5.897870379,41.3384874
3.394524377,40.54255007
-46.79491473,-37.55099251
2.841149794,40.36298926
-59.25438912,-39.78209222
-48.86105872,-37.92097387
-51.36547569,-38.36943612
-45.60531667,-37.33797294
1.529447078,39.93736365
-42.50983489,-16.02567409
100.1296743,-24.63486843
2.923131214,40.38959086
1.631923852,39.97061565
-49.61238381,-38.05551254
-60.13093505,-39.93905401
-57.25085555,-39.42332242
-1.380893324,38.99300682
-54.74643858,-38.97486016
99.81662217,-24.69092622
-40.03298893,-36.34014442
-40.33418037,-15.25636304
-4.332224436,38.03534919
-1.565351518,38.93315322
107.0168209,-23.40159724
3.374029022,40.53589967
107.8307565,-23.255847
-31.75588544,-12.22307948
98.12614072,-24.99363824
-30.63697741,-11.8274338
-6.976125223,37.17744757
-1.360397969,38.99965722
-21.93435936,-8.75018961
-39.02878767,-14.79477642
-24.3586601,-9.60742192
1.713905272,39.99721725
99.12790751,-24.81425334
-29.95320028,-11.58565033
-2.754082105,38.54743001
-3.225475269,38.3944708
-6.89126245,-3.430953221
-36.60448693,-13.9375441
-20.19383575,-8.134740771
5.444059872,41.20759009
1.980344886,40.08367245
104.1993519,-23.90611727
2.062326306,40.11027405
-7.570490516,36.98458596
-0.438106997,39.29892523
-11.86418705,-5.189378473
1.939354177,40.07037165
-46.48186261,-37.49493473
-1.918337852,-1.672527968
0.484183976,39.59819324
-6.13581567,37.45011397
-9.937178767,-4.507988688
-56.37430961,-39.26636063
-51.61591738,-38.41428235
96.74871139,-25.24029248
-41.39092685,-15.63002841
-33.43424749,-12.81654801
-40.02337259,-15.14646147
-57.50129724,-39.46816864
-14.59929558,-6.156512362
1.344988883,39.87751005
1.857372757,40.04377005
-20.06951264,-8.09078014
92.99208595,-25.91298586
-42.44767333,-16.00369378
-1.626837583,38.91320202
-41.88821931,-15.80587094
-52.93073629,-38.64972503
-35.85854824,-13.67378032
-28.15051511,-10.94822118
-45.6679271,-37.34918449
-6.955629868,37.18409797
105.702002,-23.63703992
1.959849532,40.07702205
-54.62121774,-38.95243705
-13.29390287,-5.694925734
-46.29403134,-37.46130006
-6.791667029,37.23730117
-0.499593061,39.27897403
-1.462874744,38.96640522
5.922816032,41.47700631
-7.202070238,-3.540854799
-22.99110584,-9.123854976
-42.0365225,-36.69891423
-42.41218505,-36.76618356
-16.15333451,-6.706020254
-50.67676102,-38.246109
2.677186954,40.30978606
-4.209252306,38.07525159
-4.455196565,37.99544679
-11.61554082,-5.101457211
-41.7638962,-15.7619103
99.50357005,-24.746984
-5.772354415,-3.035307539
-26.16134527,-10.24485107
-53.30639883,-38.71699437
-27.96403044,-10.88228023
-5.088577283,-2.793524067
-2.353468754,-1.826390178
-45.1670437,-37.25949204
-47.04535643,-37.59583873
-11.36689459,-5.013535948
-12.6722873,-5.475122577
-27.40457642,-10.68445739
1.119539979,39.80435564
-23.67488297,-9.365638448
-59.81788293,-39.88299623
105.6393916,-23.64825148
109.2707962,-22.99798121
4.972666708,41.05463088
2.61570089,40.28983486
-27.21809175,-10.61851644
-29.45590782,-11.4098078
-60.63181844,-40.02874646
-51.42808611,-38.38064768
-37.78555652,-14.3551701
-3.122998494,38.4277228
-6.053834251,37.47671557
-18.88844304,-7.673154143
2.554214825,40.26988366
-35.36125578,-13.49793779
-5.848880701,37.54321958
-16.58846542,-6.859882463
100.1922847,-24.62365688
106.8916001,-23.42402035
92.61642341,-25.9802552
-45.98097922,-37.40524228
-32.12885479,-12.35496138
-5.150738841,-2.815504383
107.2672626,-23.35675101
-3.758354497,38.2215604
100.7557785,-24.52275287
2.185298436,40.15017645
90.42505856,-26.37265967
-7.652471936,36.95798436
-2.73358675,38.55408041
-47.79668151,-37.73037741
-56.875193,-39.35605308
0.730128235,39.67799804
93.86863189,-25.75602407
-41.15997657,-36.54195244
-2.200707522,38.72699081
-16.27765763,-6.749980885
-42.60001632,-36.79981823
-1.319407259,39.01295802
-4.031830806,-2.419858701
-8.818270732,-4.112343006
-0.233153447,39.36542923
-42.53740589,-36.78860668
-4.51668263,37.97549559
108.7699128,-23.08767366
-6.207485318,-3.189169749
-6.238292445,37.41686197
2.53371947,40.26323326
5.87607491,41.33696924
-15.5938805,-6.508197413
-43.22612056,-36.9119338
-38.40717209,-14.57497326
-8.63178606,-4.046402059
108.8325232,-23.0764621
1.570437788,39.95066445
-36.97745627,-14.069426
-18.9506046,-7.695134458
-40.15820978,-36.36256754
-41.59824953,-36.62043333
0.853100365,39.71790044
4.685731739,40.96152528
5.886972645,41.33772832
-47.98451279,-37.76401208
-3.534538346,-2.244016175
93.36774849,-25.84571652
-1.995753972,38.79349481
-54.99688028,-39.01970639
-40.64498816,-15.36626462
-26.4099915,-10.33277234
-36.04503291,-13.73972126
-39.09094922,-14.81675673
-1.298911904,39.01960842
-26.53431461,-10.37673297
-47.85929194,-37.74158897
-13.23174131,-5.672945418
-5.705413217,37.58977238
107.6429252,-23.28948167
-45.48009582,-37.31554982
-3.472376789,-2.22203586
-9.004755404,-4.178283953
3.210066183,40.48269646
-7.017115933,37.16414677
4.931675998,41.04133008
-2.528633201,38.62058441
-45.22965413,-37.2707036
105.5767812,-23.65946303
91.67726705,-26.14842854
-29.58023093,-11.45376844
-39.2774339,-14.88269768
0.689137525,39.66469724
-48.10973363,-37.78643519
-2.959035654,38.480926
-21.12625911,-8.464445506
-4.902092611,-2.72758312
-4.045289466,38.12845479
-47.67146067,-37.7079543
-5.399385071,-2.903425645
-42.66262674,-36.81102979
-12.79661041,-5.519083208
-56.24908876,-39.24393752
-48.92366915,-37.93218542
-1.770305068,38.86664922
3.066598698,40.43614366
95.37128206,-25.48694672
-1.667828293,38.89990122
-1.606342228,38.91985242
-32.50182413,-12.48684327
-48.73583788,-37.89855075
-31.69372388,-12.20109917
-2.036744682,38.78019401
-8.320978272,-3.936500481
-42.94496579,-16.1795363
-26.22350683,-10.26683139
-55.37254282,-39.08697573
-50.30109848,-38.17883966
-1.175939775,39.05951082
106.7037688,-23.45765502
1.181026044,39.82430684
-44.72877074,-37.18101115
91.5520462,-26.17085165
-2.590119266,38.60063321
-27.59106109,-10.75039833
-43.41395183,-36.94556847
-0.089685963,39.41198203
-18.82628149,-7.651173827
-20.50464354,-8.24464235
-53.55684053,-38.76184059
-28.02619199,-10.90426054
-41.26660374,-15.58606778
-5.295506118,37.72278038
-0.745537321,39.19916923
96.05999673,-25.3636196
-46.85752515,-37.56220406
-1.03247229,39.10606362
102.5714808,-24.19761774
-5.766899281,37.56982118
-11.92634861,-5.211358789
2.349261275,40.20337966
1.877868112,40.05042045
-3.840335917,38.1949588
-40.90953487,-36.49710621
-52.99334671,-38.66093659
-5.234020053,37.74273158
-9.812855652,-4.464028057
-52.80551544,-38.62730192
93.24252765,-25.86813963
-51.11503399,-38.3245899
100.4427264,-24.57881065
-50.98981314,-38.30216678
-5.602936442,37.62302438
-25.85053748,-10.1349495
-40.7217036,-36.46347154
5.382573807,41.18763888
-3.389438108,38.3412676
-4.68064547,37.92229239
-53.24378841,-38.70578281
105.4515603,-23.68188615
-3.491914883,38.3080156
-54.24555519,-38.88516771
95.68433418,-25.43088894
-7.823685812,-3.760657956
-1.731853179,-1.606587021
-28.95861536,-11.23396528
2.287775211,40.18342845
-3.000026364,38.4676252
108.8951337,-23.06525055
-6.627704189,37.29050437
-49.04889,-37.95460854
-58.12740148,-39.58028421
-58.941337,-39.72603444
-9.688532537,-4.420067425
-1.257921194,39.03290922
-1.708819003,38.88660042
0.66864217,39.65804684
92.11554001,-26.06994765
-4.844608309,37.86908919
-9.129078519,-4.222244585
-7.611481226,36.97128516
-12.11283328,-5.277299736
-26.90728396,-10.50861486
2.431242695,40.22998126
0.176753652,39.49843723
-4.803617599,37.88238999
102.8219225,-24.15277151
93.17991722,-25.87935119
-40.76931128,-15.41022525
-58.25262233,-39.60270732
-25.29108346,-9.937126655
-6.518293105,-3.299071327
2.390251985,40.21668046
2.820654439,40.35633886
100.3175056,-24.60123377
-20.00735108,-8.068799824
-42.69631956,-16.09161504
-24.48298322,-9.651382552
4.562759609,40.92162288
0.197249007,39.50508763
-7.575039582,-3.672736693
4.501273544,40.90167168
-5.070057213,37.79593478
96.4982697,-25.2851387
1.324493528,39.87085965
94.80778825,-25.58785072
-0.95049087,39.13266522
2.759168374,40.33638766
94.74517782,-25.59906228
-5.026415726,-2.771543751
-16.77495009,-6.92582341
109.0203545,-23.04282743
-52.61768417,-38.59366725
3.988889671,40.73541167
102.007987,-24.29852174
-1.66094365,-1.618192699
91.86509832,-26.11479387
102.3836496,-24.23125241
-37.72339496,-14.33318979
90.04939602,-26.43992901
-38.34501053,-14.55299294
-2.180212167,38.73364121
-38.84230299,-14.72883547
-6.012843541,37.49001637
1.816382047,40.03046925
-39.90776808,-36.31772131
-1.893277197,38.82674681
0.996567849,39.76445324
-1.421884034,38.97970602
0.935081784,39.74450204
2.205793791,40.15682685
96.12260715,-25.35240804
1.283502818,39.85755885
-5.561945732,37.63632518
-49.73760466,-38.07793566
-25.35324502,-9.959106971
90.29983772,-26.39508278
-59.75527251,-39.87178467
-52.55507374,-38.58245569
-4.926589729,37.84248759
1.795886692,40.02381885
-2.405661071,38.66048681
-41.63957308,-15.71794967
96.37304885,-25.30756182
4.35780606,40.85511887
-5.377487538,37.69617878
103.0723642,-24.10792529
-5.746403926,37.57647158
-32.56398569,-12.50882359
-19.26141239,-7.805036037
-0.807023386,39.17921802
-34.11802463,-13.05833148
0.258735071,39.52503884
-36.16935602,-13.7836819
0.566165395,39.62479484
-1.666775631,-1.595802037
-28.08835355,-10.92624086
4.767713159,40.98812688
-4.529123266,-2.595701226
-20.87761288,-8.376524244
-3.471419528,38.314666
-54.30816562,-38.89637927
5.423564517,41.20093968
-1.401388679,38.98635642
-19.13708927,-7.761075405
-23.55055985,-9.321677817
-39.7125648,-15.03655989
4.890685288,41.02802928
4.911180643,41.03467968
-7.816434776,36.90478116
-0.130676673,39.39868123
0.115267587,39.47848603
-34.42883241,-13.16823306
-1.637615723,-1.707755348
-37.41258717,-14.22328821
1.611428498,39.96396525
-13.60471066,-5.804827312
-37.59907185,-14.28922916
104.9506769,-23.7715786
89.29807093,-26.57446768
3.660963992,40.62900527
-25.53972969,-10.02504792
101.3192723,-24.42184886
-10.6209559,-4.74977216
-43.00712735,-16.20151662
96.43565927,-25.29635026
-36.41800225,-13.87160316
94.49473613,-25.64390851
-4.824112954,37.87573959
-42.38551177,-15.98171346
-37.97204119,-14.42111105
-52.36724247,-38.54882102
-2.795072815,38.53412921
-13.1074182,-5.628984787
97.50003648,-25.1057538
-35.05044799,-13.38803621
94.87039867,-25.57663917
101.2566619,-24.43306042
3.497001152,40.57580207
0.504679331,39.60484364
-43.6017831,-36.97920313
-41.41041826,-36.58679866
-39.33959545,-14.90467799
-16.8992732,-6.969784042
5.321087742,41.16768768
-6.648199544,37.28385397
89.17285008,-26.5968908
-46.41925219,-37.48372317
-5.438973602,37.67622758
-47.10796685,-37.60705029
-46.23142091,-37.4500885
-38.15852586,-14.487052
-37.47474873,-14.24526852
5.628518066,41.26744369
-19.44789706,-7.870976984
-53.11856756,-38.6833597
-7.761524255,-3.73867764
93.05469637,-25.9017743
2.6566916,40.30313566
92.8668651,-25.93540897
-32.43966257,-12.46486296
-59.50483081,-39.82693845
-13.79119533,-5.870768259
-32.19101634,-12.37694169
-42.97567886,-36.86708757
93.61819019,-25.80087029
2.861645149,40.36963966
-8.010170485,-3.826598903
-16.65062697,-6.881862779
5.505545936,41.22754129
-32.99911659,-12.6626858
107.3298731,-23.34553946
4.19384322,40.80191567
-59.88049336,-39.89420778
-27.03160707,-10.55257549
0.381707201,39.56494124
0.135762942,39.48513643
-11.67770238,-5.123437526
95.18345079,-25.52058139
-56.43692003,-39.27757219
-6.17680638,37.43681317
106.0776646,-23.56977058
-51.80374865,-38.44791702
105.7646125,-23.62582836
97.43742606,-25.11696536
-4.311729081,38.04199959
1.508951723,39.93071325
-19.75870485,-7.980878562
-16.52630386,-6.837902148
-32.37750102,-12.44288264
-58.62828488,-39.66997666
94.9330091,-25.56542761
-10.43447123,-4.683831213
-48.36017533,-37.83128142
-5.958839088,-3.101248486
-19.82086641,-8.002858878
4.747217804,40.98147648
0.238239716,39.51838844
90.67550026,-26.32781344
-1.790800423,38.85999882
-4.701140824,37.91564199
5.914216982,41.33962602
93.80602146,-25.76723563
102.2584287,-24.25367552
-4.342638593,-2.529760279
90.17461687,-26.41750589
-40.20985726,-15.21240241
0.7916143,39.69794924
106.2654958,-23.53613591
-5.090552568,37.78928438
-47.60885024,-37.69674274
2.45173805,40.23663166
105.5141708,-23.67067459
98.68963454,-24.89273423
-29.70455405,-11.49772907
-40.09559936,-36.35135598
4.603750319,40.93492368
-5.889871411,37.52991878
-10.06150188,-4.551949319
-22.18300559,-8.838110872
-1.729314358,38.87995002
0.771118945,39.69129884
-0.889004805,39.15261642
-5.479964312,37.66292678
0.894091075,39.73120124
-15.34523427,-6.42027615
-42.72523717,-36.82224135
-6.033338896,37.48336597
94.55734655,-25.63269695
-14.28848779,-6.046610784
-4.093992364,-2.441839016
-7.754948711,36.92473236
0.053781522,39.45853483
104.7628457,-23.80521327
-27.2802533,-10.64049676
-11.4912177,-5.05749658
-41.91130165,-36.67649111
2.36975663,40.21003006
-24.73162945,-9.739303814
104.5750144,-23.83884793
106.5159375,-23.49128969
-36.7909716,-14.00348505
90.36244814,-26.38387122
-19.07492772,-7.73909509
-35.1747711,-13.43199684
-0.417611642,39.30557563
-31.25859298,-12.04723696
-33.62073217,-12.88248895
-23.73704453,-9.387618764
-25.91269904,-10.15692981
1.467961013,39.91741245
-4.783122244,37.88904039
-57.18824512,-39.41211086
-3.099407444,-2.090153966
5.751490196,41.30734609
5.464555227,41.21424049
107.7055356,-23.27827012
-57.00041385,-39.37847619
-21.81003625,-8.706228979
3.701954702,40.64230607
-7.015585565,-3.474913852
-5.992348186,37.49666678
-5.807889991,37.55652038
-1.11445371,39.07946202
-49.67499424,-38.0667241
4.296319995,40.83516767
90.98855238,-26.27175566
-10.185825,-4.595909951
94.36951528,-25.66633162
-53.4942301,-38.75062904
-40.65909317,-36.45225999
-25.66405281,-10.06900855
-0.520088416,39.27232363
-25.16676035,-9.893166024
104.512404,-23.85005949
-45.54270625,-37.32676138
-58.31523275,-39.61391888
-45.85575837,-37.38281916
0.156258297,39.49178683
89.11023966,-26.60810235
101.0062202,-24.47790665
-6.935134513,37.19074837
-15.53171894,-6.486217097
-40.84692444,-36.48589466
-42.34957462,-36.75497201
-42.07470398,-15.87181188
93.68080062,-25.78965874
-5.049561858,37.80258518
4.439787479,40.88172048
-45.35487498,-37.29312671
98.37658242,-24.94879201
-7.201574127,37.10429316
-55.93603664,-39.18787973
99.69140132,-24.71334933
-8.942593847,-4.156303638
-2.912922771,-2.024213019
-30.76130052,-11.87139443
-7.529499806,36.99788676
104.8880665,-23.78279015
108.2690294,-23.17736611
-13.48038754,-5.760866681
-1.649279687,-1.662974024
-26.65863773,-10.4206936
-6.14532376,-3.167189433
3.558487217,40.59575327
-54.87165943,-38.99728328
93.49296934,-25.82329341
-15.40739582,-6.442256466
106.8289897,-23.43523191
-28.64780757,-11.1240637
-28.39916134,-11.03614244
91.3016045,-26.21569788
0.607156105,39.63809564
-14.78578025,-6.222453309
-21.56139002,-8.618307716
-1.483370099,38.95975482
-12.29931795,-5.343240683
3.886412896,40.70215967
-5.725908572,37.58312198
-4.086280176,38.11515399
-4.964254168,-2.749563436
5.892421512,41.33810786
-35.23693266,-13.45397716
-2.139221457,38.74694201
-45.79314794,-37.37160761
-19.69654329,-7.958898246
-9.626370979,-4.39808711
5.095638838,41.09453328
106.3907167,-23.5137128
-4.404800151,-2.551740595
-12.05067172,-5.25531942
105.2637291,-23.71552081
-7.13990868,-3.518874484
-3.286961334,38.3745196
-20.44248198,-8.222662034
-48.5480066,-37.86491609
-49.92543593,-38.11157033
90.23722729,-26.40629434
-20.5668051,-8.266622665
96.62349055,-25.26271559
-54.93426986,-39.00849483
95.74694461,-25.41967738
-27.65322265,-10.77237865
-6.320273865,37.39026037
-57.31346597,-39.43453397
-59.19177869,-39.77088066
-40.97214529,-36.50831777
-16.71278853,-6.903843095
95.93477588,-25.38604271
-3.450924173,38.3213164
3.251056893,40.49599726
-58.50306403,-39.64755354
-49.29933169,-37.99945476
-44.22788734,-37.0913187
89.04762924,-26.61931391
3.722450056,40.64895647
-44.04005607,-37.05768403
-60.2561559,-39.96147712
-5.131543278,37.77598358
5.403069162,41.19428928
96.87393224,-25.21786936
-2.713091395,38.56073081
92.74164425,-25.95783208
-39.46391857,-14.94863863
-40.40865148,-36.40741376
-2.664276542,-1.936291756
4.644741029,40.94822448
90.48766899,-26.36144811
99.94184302,-24.6685031
89.92417517,-26.46235212
91.36421493,-26.20448632
4.009385026,40.74206207
-37.2261025,-14.15734726
-42.13686554,-15.8937922
-25.04243723,-9.849205393
-18.20466591,-7.43137067
-5.664422507,37.60307318
-41.84869123,-36.66527956
-2.975084329,-2.046193335
0.648146815,39.65139644
-56.49953046,-39.28878374
93.99385274,-25.73360096
101.6323245,-24.36579108
-5.212900398,-2.837484698
4.849694578,41.01472848
-53.9951135,-38.84032149
1.160530689,39.81765644
-31.07210831,-11.98129601
-34.7396402,-13.27813464
-2.877054235,38.50752761
5.908768114,41.33924648
-30.88562364,-11.91535506
-3.307456688,38.3678692
-29.89103872,-11.56367001
-2.836063525,38.52082841
101.9453766,-24.3097333
-0.86850945,39.15926682
-4.35271979,38.02869879
-43.28873098,-36.92314535
-37.28826406,-14.17932758
-2.569623911,38.60728361
-3.860831272,38.1883084
-7.948008927,-3.804618587
-35.60990201,-13.58585905
-3.573896303,38.281414
94.24429443,-25.68875473
4.050375736,40.75536287
101.0688307,-24.46669509
3.947898961,40.72211087
-11.18040992,-4.947595001
-34.36667086,-13.14625274
103.4480268,-24.04065595
-18.39115058,-7.497311617
-9.315563192,-4.288185532
-11.11824836,-4.925614686
-0.212658092,39.37207963
-13.5425491,-5.782846996
-3.041017074,38.4543244
-54.49599689,-38.93001394
90.92594196,-26.28296722
-47.35840855,-37.65189652
-30.01536183,-11.60763065
107.0794314,-23.39038568
0.83260501,39.71125004
-1.134949065,39.07281162
-44.60354989,-37.15858804
-35.54774045,-13.56387874
-41.51524997,-15.67398904
-0.561079126,39.25902283
-5.337223513,-2.88144533
-14.97226492,-6.288394256
97.93830945,-25.02727291
-20.81545133,-8.354543928
3.476505797,40.56915167
-24.793791,-9.76128413
-26.78296084,-10.46465423
-18.57763526,-7.563252564
-5.541450377,37.64297558
5.903319247,41.33886694
-1.216930484,39.04621002
-7.324546257,37.06439076
-36.23151758,-13.80566221
-11.98851016,-5.233339105
108.644692,-23.11009677
-40.5828266,-15.34428431
1.406474948,39.89746125
5.034152773,41.07458208
-4.47569192,37.98879639
4.255329285,40.82186687
98.94007624,-24.84788801
-60.38137675,-39.98390024
95.80955503,-25.40846582
-4.156153921,-2.463819332
-6.42275064,37.35700837
-2.788599656,-1.980252388
-3.635382368,38.2614628
-1.628867751,-1.741341342
-39.58824168,-14.99259926
108.3942503,-23.154943
-59.12916827,-39.75966911
0.87359572,39.72455084
-40.52066505,-15.32230399
-46.16881049,-37.43887694
0.094772232,39.47183563
-33.55857061,-12.86050864
1.672914562,39.98391645
5.177620257,41.12113488
-3.245970624,38.3878204
105.2011186,-23.72673237
0.525174686,39.61149404
101.6949349,-24.35457953
-16.96143476,-6.991764357
-28.58564601,-11.10208339
-31.00994675,-11.9593157
-6.083162203,-3.145209117
-50.6141506,-38.23489745
-1.011976935,39.11271402
2.697682309,40.31643646
-0.294639512,39.34547803
-40.95579595,-15.4761662
4.706227094,40.96817568
-22.30732871,-8.882071504
-28.52348445,-11.08010307
-39.52608013,-14.97061894
91.23899408,-26.22690944
-61.00748099,-40.0960158
-43.97744565,-37.04647247
-22.24516715,-8.860091188
-41.82605775,-15.78389062
-34.61531709,-13.234174
1.201521399,39.83095724
-0.335630222,39.33217723
-24.60730633,-9.695343183
2.964121924,40.40289166
-35.73422512,-13.62981969
-43.8522248,-37.02404936
-4.653446381,-2.639661857
-6.914639158,37.19739877
-6.853153093,37.21734997
-1.980499409,-1.694508284
-34.05586307,-13.03635116
5.923965374,41.4086957
-23.30191362,-9.233756554
3.763440766,40.66225727
-4.291233726,38.04864999
0.340716491,39.55164044
-15.15874959,-6.354335203
-19.88302796,-8.024839193
-38.03420275,-14.44309136
107.1420418,-23.37917412
-13.91551845,-5.91472889
1.037558559,39.77775404
-5.648031301,-2.991346908
-3.594391658,38.2747636
-6.545722769,37.31710597
104.3245727,-23.88369416
-12.42364107,-5.387201314
92.42859213,-26.01388987
-4.967580439,37.82918678
-8.072332042,-3.848579218
2.144307726,40.13687565
0.361211846,39.55829084
-5.397982892,37.68952838
-2.487642491,38.63388521
-29.82887716,-11.5416897
-36.3558407,-13.84962284
-15.84252673,-6.596118675
-39.77472636,-15.0585402
-57.1256347,-39.40089931
2.246784501,40.17012765
-11.42905615,-5.035516264
5.85427944,41.33545108
4.31681535,40.84181807
95.24606122,-25.50936983
-29.14510003,-11.29990623
98.62702412,-24.90394579
98.56441369,-24.91515734
-56.68736173,-39.32241841
-51.86635908,-38.45912857
-55.74820537,-39.15424507
-59.31699954,-39.79330378
-53.36900925,-38.72820592
-26.96944552,-10.53059518
-0.970986225,39.12601482
4.1118618,40.77531407
-42.01254243,-15.84983157
-49.42455254,-38.02187787
-32.62614725,-12.5308039
-48.48539618,-37.85370453
99.19051793,-24.80304178
-54.18294477,-38.87395616
-60.56920802,-40.0175349
0.074276877,39.46518523
-5.585869743,-2.969366592
0.58666075,39.63144524
-27.15593019,-10.59653612
-1.237425839,39.03955962
106.2028854,-23.54734747
-15.22091115,-6.376315519
-0.929995515,39.13931562
-0.848014095,39.16591722
4.870189933,41.02137888
90.11200644,-26.42871745
-33.99370151,-13.01437085
-4.715607938,-2.661642173
3.619973282,40.61570447
2.267279856,40.17677805
1.017063204,39.77110364
104.0115206,-23.93975194
108.0811981,-23.21100078
1.549942433,39.94401405
-7.181078772,37.11094356
-2.229145639,-1.782429547
1.918858822,40.06372125
-28.33699978,-11.01416212
-1.052967645,39.09941322
-5.951357476,37.50996758
-33.74505528,-12.92644958
-30.20184651,-11.67357159
-53.18117798,-38.69457126
-21.25058223,-8.508406138
-3.778849852,38.21491
-51.17764441,-38.33580145
-33.93153995,-12.99239053
3.128084763,40.45609486
-7.222069482,37.09764276
5.013657418,41.06793168
-7.077747123,-3.496894168
-25.47756814,-10.0030676
-9.999340324,-4.529969004
-6.361264575,37.37695957
-3.553400948,38.2880644
-16.40198074,-6.793941516
-10.74527901,-4.793732792
103.7610789,-23.98459817
-7.242564837,37.09099236
-22.74245961,-9.035933713
-7.304050902,37.07104116
-4.024794111,38.13510519
-18.5154737,-7.541272249
-10.80744057,-4.815713107
1.385979593,39.89081085
-47.2331877,-37.6294734
-6.607208834,37.29715477
108.3316398,-23.16615455
3.927403606,40.71546047
109.5212379,-22.95313498
104.074131,-23.92854039
-31.818047,-12.2450598
-50.73937144,-38.25732056
4.829199223,41.00807808
3.435515087,40.55585087
0.279230426,39.53168924
103.3854163,-24.0518675
-8.196655157,-3.89253985
3.107589408,40.44944446
-60.06832463,-39.92784245
3.087094053,40.44279406
103.8236893,-23.97338661
2.718177664,40.32308686
-42.88280423,-16.15755599
90.80072111,-26.30539033
-52.05419035,-38.49276324
-17.21008099,-7.07968562
-4.537177985,37.96884519
-60.44398717,-39.99511179
0.012790812,39.44523403
-31.94237011,-12.28902043
-4.988075794,37.82253638
-3.410215231,-2.200055544
2.041830951,40.10362365
-18.0803428,-7.387410039
105.8272229,-23.61461681
-52.24202162,-38.52639791
-9.502047864,-4.354126479
-29.51806937,-11.43178812
-0.356125577,39.32552683
-45.4174854,-37.30433827
-25.60189125,-10.04702823
-3.819840562,38.2016092
108.5194711,-23.13251988
-53.05595713,-38.67214814
-47.73407109,-37.71916585
-2.539953427,-1.892331125
92.49120256,-26.00267831
-30.57481585,-11.80545349
-59.37960996,-39.80451533
-24.23433699,-9.563461289
-19.63438173,-7.936917931
-52.11680077,-38.5039748
-5.275010763,37.72943078
-3.969669249,-2.397878385
-29.20726159,-11.32188654
-35.92070979,-13.69576063
-11.24257147,-4.969575317
-51.9289695,-38.47034013
95.30867164,-25.49815827
-25.9748606,-10.17891013
89.86156475,-26.47356368
-48.29756491,-37.82006986
-52.74290501,-38.61609036
107.9559773,-23.23342389
-55.5603741,-39.1206104
2.082821661,40.11692445
109.4586275,-22.96434654
-10.12366344,-4.573929635
-40.28343063,-36.38499065
100.0670639,-24.64607999
109.3960171,-22.9755581
-6.094824961,37.46341477
-6.730180964,37.25725237
93.43035892,-25.83450496
100.5679473,-24.55638754
-3.020521719,38.4609748
-19.19925083,-7.783055721
95.55911334,-25.45331205
-51.74113823,-38.43670546
2.000840241,40.09032285
-53.80728222,-38.80668682
-6.463741349,37.34370757
-56.18647834,-39.23272596
-11.0560868,-4.90363437
-27.83970732,-10.8383196
-21.001936,-8.420484875
3.415019732,40.54920047
-24.17217543,-9.541480973
-2.9385403,38.4875764
-3.223730559,-2.134114597
-41.45308841,-15.65200873
97.24959479,-25.15060003
2.882140504,40.37629006
0.75062359,39.68464844
-27.52889953,-10.72841802
-48.23495448,-37.8088583
-1.640531714,-1.696560017
-7.63720114,-3.694717009
91.42682535,-26.19327477
108.1438086,-23.19978922
-32.2531779,-12.39892201
105.8898333,-23.60340525
0.976072494,39.75780284
